{"cameraMode":{"drawMode":0,"name":"Shaded","section":"Shading Mode"},"sceneLighting":true,"audioPlay":false,"sceneViewState":{"m_AlwaysRefresh":false,"showFog":true,"showSkybox":true,"showFlares":true,"showImageEffects":true,"showParticleSystems":true,"showVisualEffectGraphs":true,"m_FxEnabled":true},"in2DMode":false,"pivot":{"x":-1.2438130378723145,"y":2.6488993167877199,"z":1.2729238271713257},"rotation":{"x":-0.22294653952121736,"y":0.3399656116962433,"z":-0.08330705761909485,"w":-0.9098203182220459},"size":10.18691635131836,"orthographic":false}