{"cameraMode":{"drawMode":0,"name":"Shaded","section":"Shading Mode"},"sceneLighting":true,"audioPlay":false,"sceneViewState":{"m_AlwaysRefresh":false,"showFog":true,"showSkybox":true,"showFlares":true,"showImageEffects":true,"showParticleSystems":true,"showVisualEffectGraphs":true,"m_FxEnabled":true},"in2DMode":false,"pivot":{"x":-0.976279616355896,"y":0.22954291105270387,"z":0.48663902282714846},"rotation":{"x":-0.27849525213241579,"y":-0.02247445471584797,"z":0.006514958571642637,"w":-0.9601398706436157},"size":2.3207316398620607,"orthographic":false}