{"cameraMode":{"drawMode":0,"name":"Shaded","section":"Shading Mode"},"sceneLighting":true,"audioPlay":false,"sceneViewState":{"m_AlwaysRefresh":false,"showFog":true,"showSkybox":true,"showFlares":true,"showImageEffects":true,"showParticleSystems":true,"showVisualEffectGraphs":true,"m_FxEnabled":true},"in2DMode":false,"pivot":{"x":-0.9466407895088196,"y":2.2916924953460695,"z":-17.558319091796876},"rotation":{"x":-0.13092181086540223,"y":-0.7551007270812988,"z":0.1588200479745865,"w":-0.6224428415298462},"size":0.5537978410720825,"orthographic":false}