{"cameraMode":{"drawMode":0,"name":"Shaded","section":"Shading Mode"},"sceneLighting":true,"audioPlay":false,"sceneViewState":{"m_AlwaysRefresh":false,"showFog":true,"showSkybox":true,"showFlares":true,"showImageEffects":true,"showParticleSystems":true,"showVisualEffectGraphs":true,"m_FxEnabled":true},"in2DMode":false,"pivot":{"x":-0.11055052280426026,"y":0.9833681583404541,"z":-9.762442588806153},"rotation":{"x":-0.1711588203907013,"y":0.7617501020431519,"z":-0.22343160212039948,"w":-0.5835453271865845},"size":0.36636582016944888,"orthographic":false}