{"cameraMode":{"drawMode":0,"name":"Shaded","section":"Shading Mode"},"sceneLighting":true,"audioPlay":false,"sceneViewState":{"m_AlwaysRefresh":false,"showFog":true,"showSkybox":true,"showFlares":true,"showImageEffects":true,"showParticleSystems":true,"showVisualEffectGraphs":true,"m_FxEnabled":true},"in2DMode":false,"pivot":{"x":-0.6683235168457031,"y":0.6283388137817383,"z":0.816455602645874},"rotation":{"x":-0.24753840267658235,"y":-0.12544023990631104,"z":0.03231433779001236,"w":-0.9601705074310303},"size":5.182149887084961,"orthographic":false}